일자,순위,카테고리,브랜드,상품명,가격
2026-01-07,1,데일리 뷰티,,【エガちゃん福袋2026年】 ハズレ無し殿堂入り商品 8点セット + サンプル最大6点 + 大判オリジナルヘアバンド,11900
2026-01-07,2,데일리 뷰티,アロマティカ,【1/7限定特価】 【オリーブヤングアワーズＷケア部門3年連続1位】【公式】 デリケートゾーンソープ／フォーム170ml／かゆみ匂いケア／弱酸性／デリケートゾーンケア／フェミニンウォッシュ／爽やか,1328
2026-01-07,3,데일리 뷰티,メディキューブ,【Nanaコラボ】 ブースタープロ初売り限定セット / AGE-Rブースタープロ / 1台6役高級エステケア / 美顔器,28889
2026-01-07,4,데일리 뷰티,Biodance,【あまねコラボ】NEW X BEST1+1企画セット(16枚),6750
2026-01-07,5,데일리 뷰티,VIDIVICI,【MonroeｘVIDIVICI】 VIDIVICI推し パーフェクトセット,7453
2026-01-07,6,데일리 뷰티,2ªN,【公式】【新作発売】ベターミーアイパレット19種/ジェリーグロウハイライター1種,2200
2026-01-07,7,데일리 뷰티,CICIBELLA,【敏感肌に優しい不織布】 高評価 3Dマスク 小顔マスク バイカラー 20枚 冷感マスク バイカラーマスク 不織布マスク 立体マスク 血色マスク 大きサイズ おしゃれマスク カラー母の日,473
2026-01-07,8,데일리 뷰티,メディキューブ,【がよん Pick! / はりん Pick! / EMSローラー新登場】 AGE-R ブースタープロミニプラス / 振動リフトクレンザーヘッド / 美顔器,12900
2026-01-07,9,데일리 뷰티,メディキューブ,【初売り限定 / 61% OFF】 初売りうるツヤセット (2種 / PDRN / コウジ酸ビタ),4490
2026-01-07,10,데일리 뷰티,23yearsold,【公式/再入荷】ダーマシンコンシーラー 5g 10種 / 肌荒れカバー/ニキビ跡カバー/ドクダミ成分/23yearsold/23イヤーズオールド,1580
2026-01-07,11,데일리 뷰티,アヌア,【最大54％OFF】 選べる2026福袋 ダーマライン3STEP/4STEPセット(PDRN / ビタミン / レチノール / アゼライン酸 ),4400
2026-01-07,12,데일리 뷰티,ODELOI,"【限定ギフト付き】オドロイ ブラックチェリー毛穴収縮クリームルフティグ, 100ml (毛穴対策 / シワケア / メイクのり )",2261
2026-01-07,13,데일리 뷰티,エイプリルスキン,ヒーロークッション 本品 + リフィル付き,3600
2026-01-07,14,데일리 뷰티,アヌア,PDRN ヒアルロン酸カプセル100 セラム 30ml(単品/セット),3200
2026-01-07,15,데일리 뷰티,アヌア,【最大51％OFF】選べるベストマスクパック ( 30枚入りマスク / コラーゲンマスク/7枚入りマスクパック),2600
2026-01-07,16,데일리 뷰티,ラルム,1MONTH　ラルムメルティシリーズ (1箱2枚入り) シリーズ初の軸固定・水光カラコン！,1650
2026-01-07,17,데일리 뷰티,VIDIVICI,【MonroeｘVIDIVICI】新作ベース＆カラー メイクセット,5400
2026-01-07,18,데일리 뷰티,ダルバ,"【初売り特価】【累積販売数6,300万本突破】ホワイトトリュフファーストスプレーセラム 100ml /4種/ミスト/化粧水/保湿/栄養/弾力/ハリ/光彩/ツヤ",2700
2026-01-07,19,데일리 뷰티,OLENS,【新色登場】【1箱】レインブラック 韓国 カラコン 1day 水光 10枚入 ムードチョコ グローイティア リアリッシュ グローイ ビッググローイ,1742
2026-01-07,20,데일리 뷰티,フランミー,【1箱】【3箱購入で１箱分無料】【２＋１】【新色登場】カラコン ワンデー 10枚入 度あり 度なし 14.2mm 14.5mm ミルクプリン アールグレイパフェ ソルティバニラ バターファッジ,1797
2026-01-07,21,데일리 뷰티,バイオヒールボ,【Qoo10アワーズクリーム1位/国s pick】3Dリフティングクリーム(本品50ml＋リフィル50ml)＋3Dアイリンクルクリーム(25ml＋25ml) 特別企画セット,5467
2026-01-07,22,데일리 뷰티,VIDIVICI,【MonroeｘVIDIVICI】発光上品 ベースメイクセット,5100
2026-01-07,23,데일리 뷰티,フィー,スパグロウUVトーンアップベース,2310
2026-01-07,24,데일리 뷰티,アヌア,アヌア レチノール0.3 ナイアシンリニューイングセラム30ml,3200
2026-01-07,25,데일리 뷰티,FOODOLOGY,"【2個セット】【食後ダイエットサポート】コレオロジーカットゼリー / コレオロジー30錠/60錠 (体脂肪+血糖値+炭水化物, 便秘)",4000
2026-01-07,26,데일리 뷰티,ダルバ,【初売り限定特価】【NEWカバーアップ再入荷】トーンアップサンクリーム 50ml 4種 SPF50+PA++++/日焼け止め/化粧下地/メイク崩れ防止,2900
2026-01-07,27,데일리 뷰티,AESTURA,【初売り限定！1位クリーム入り】乾燥対策セットAESTURA エストラ アトバリア 保湿 セラミド 美容液 福袋 スキンケアセット クリーム,5780
2026-01-07,28,데일리 뷰티,フェリアモ,(1箱2枚) feliamo フェリアモ マンスリー 1ヵ月[feliamo-1month][PI]*,1080
2026-01-07,29,데일리 뷰티,2ªN,【公式】【新作発売】デュアルチーク 18種,1870
2026-01-07,30,데일리 뷰티,Veganery by d'Alba,Jさんコラボ【1日1本ビタミン】【30個】飲むダルバ・マルチビタミン＆ビューティ/ビタミン/インナービューティー/ヴィーガン/ナイトケア/活力ケア/元気回復/,4830
2026-01-07,31,데일리 뷰티,ダルシム,【2/2予約発送】今日まで半額セール! 【脂肪CUTアンプル10本】 高吸収ダイエットブースターショット10本　体脂肪　ランキング　韓国　ダイエットサプリ　ビタミン　痩せる　人気　食品　通販,4000
2026-01-07,32,데일리 뷰티,まるごと巨峰くん,【保存料・着色料不使用】まるごと巨峰くん EAA 必須アミノ酸9種配合 270g,5130
2026-01-07,33,데일리 뷰티,Dinto,選べる福袋セット,3332
2026-01-07,34,데일리 뷰티,ダルバ,【初売り特価】 【Q-only】 ダルバのプレミアム福袋/ミスト/下地/プレゼント,6900
2026-01-07,35,데일리 뷰티,トゥークールフォースクール,【公式】【単品】アートクラススマッジングアンダーライナー+(2個購入時)デューブラーリーティントランダム贈呈,1499
2026-01-07,36,데일리 뷰티,,MacBook Air Liquid ディスプレイ 13.6 MC7W4J/A [スターライト],136800
2026-01-07,37,데일리 뷰티,アヌア,"ダークスポットセラム (ナイアシンアミド10%, トラネキサム酸 4%) 30ml",2800
2026-01-07,38,데일리 뷰티,ティーゼン,【みゆコラボ】冬のご褒美ポカポカミルクティー×アサビ限定セット,4188
2026-01-07,39,데일리 뷰티,アビブ,【Abib公式】初売り限定ギフト！新春スターターケア福袋（復活草/グルタチオンソーム）/福袋/初売り/スキンケアセット/韓国コスメ,5990
2026-01-07,40,데일리 뷰티,サミュ,【サミュ公式】最大60%OFF＋さらに1＋1！サミュの定番商品1＋1セット　PHクリーム　PHトナー　PHアンプル　PHフェイシャルトリートメント　セラミド　福袋,4500
2026-01-07,41,데일리 뷰티,lily eve,【数量限定】【最大60%OFF】 lilyeve 2026 初福袋！(+限定カッサブラシ付き) / ヘアケア／頭皮ケア／抜け毛ケアアンプル／抜け毛ケアソリューション/育毛剤,4800
2026-01-07,42,데일리 뷰티,ミジャンセン,【初売り限定クーポン&GIFT贈呈】サロン10 ヘアケア 人気アイテムおすすめ 2個セット,2875
2026-01-07,43,데일리 뷰티,ティルティル,【初売り限定】【本品3点】ランダムボックス 超お得にゲット！クッションファンデ コンシーラー ハイライト リップ アイシャドウ マスカラ 福袋 ラッキーボックス,1665
2026-01-07,44,데일리 뷰티,トゥークールフォースクール,【公式/新色_1Color】【単品】【16色】フロッタージュペンシル + (*カート番号ごとに一つ)ベージュシャープナー,1499
2026-01-07,45,데일리 뷰티,モラク,【1箱】新色販売中 モラク マンスリー 2枚入り1箱（1ヶ月分） カラコン 1ヶ月 度なし 度あり カラーコンタクトレンズ 1month 宮脇咲良,1180
2026-01-07,46,데일리 뷰티,BOUTIQUEKOREA,お得な10個入り！ネオン氷ストーン 全5色 16種類 クリア ネイルストーン キラキラ ジェルネイル 韓国パーツ ネイルパーツ ネイルストーン st,230
2026-01-07,47,데일리 뷰티,ブラン,皮脂ゼロエアフィットクッション／ニキビ肌完全カバー／48時間持続力／5重シカ含有でニキビケア,2980
2026-01-07,48,데일리 뷰티,Sung Boon Editor,【クリアランスセール】グリーントマトアンプル30ml/40ml/75ml/シルクペプチドアンプル35ml/30ml/トグリーントマトナー350ml,999
2026-01-07,49,데일리 뷰티,AZTK,【新年1日限定価格 限定GIFT】【公式】AZTK ジェリーカラーチークリキッド 多目的リキッドチーク 水彩画チーク ヌードメイク 可愛い 高発色 高密着 カラーロック 7種類,1165
2026-01-07,50,데일리 뷰티,メディキューブ,【スプレーノズルGIFT付】コウジ酸ビタナイアシントナー250ml,2300
2026-01-07,51,데일리 뷰티,WEIMALL,【今だけ5％OFFクーポンで更にお得】【敏感肌に優しい不織布】高評価 3Dマスク 最大60枚入り 冷感 小顔 花粉症 乾燥対策 花粉症対策 立体マスク バイカラー 不織布 大容量 40枚 60枚 20,398
2026-01-07,52,데일리 뷰티,ミルクタッチ,【公式 / 11/1~ FW新カラー6種 発売】 #こんにゃくゼリーティント ジェリーフィットティンティッドグロウティント 全16色,1707
2026-01-07,53,데일리 뷰티,アヌア,【最大66％OFF】 アヌア 初売り クリアランスセール ( 化粧水 / 美容液 / 乳液 / クリーム / マスクパック),1500
2026-01-07,54,데일리 뷰티,アヌア,アゼライン酸15 インテンスカーミングセラム 30ml,2800
2026-01-07,55,데일리 뷰티,Balance Flow,【韓国で人気】レトックスライン / レモン酵素 / ダイエットサプリ / ダイエット / 乳酸菌・ビタミンC補給サプリ・　1ヶ月分,3099
2026-01-07,56,데일리 뷰티,スキンアンドラブ,"【BEST化粧水】【ウィグルウィグルコラボ】グルタチオントナー 200ml 純度99％セルラーソームグルタチオン3,000PPM配合 無臭 韓国スキンケア 化粧水 トナー 白玉",2590
2026-01-07,57,데일리 뷰티,FEG,【Qoo10/楽天1位】レビュー１０万超えﾏﾂﾊﾟ/ﾏﾂｴｸ対応【FEG公式】 まつげ美容液 / 販売数40万本突破 正規品 (FEGまつ毛美容液),899
2026-01-07,58,데일리 뷰티,ブラン,【ニキビ1位】マジックティーツリーオイル 20ml5倍高濃縮ティーツリー成分／ニキビ超急速ケア／赤ニキビ・白ニキビ・大人ニキビ・思春期ニキビ・ニキビ跡,2790
2026-01-07,59,데일리 뷰티,エイプリルスキン,カロテンIPMP ブレミッシュセラムパックパッド,2800
2026-01-07,60,데일리 뷰티,Flurry,【1箱】 【新色登場】 【最安値に挑戦中】カラコン 1day 度あり 10枚入り 度なし カラーコンタクトレンズ ワンデー ぱちくりベアー ゆめみるペガサス 華麗なキツネ キマグレネコ 愛されウサギ,999
2026-01-07,61,데일리 뷰티,トゥークールフォースクール,【公式/新発売】【4色】ヴェールドコントゥア+ソフトブレンディングパフ,2490
2026-01-07,62,데일리 뷰티,celimax,[celimax x なぐもふうか] 冬のツヤ&高保湿ケア2種セット / ノニアンプ / シミケアセラム / クリームマスク,4420
2026-01-07,63,데일리 뷰티,JUDYDOLL,【公式】メリハリマスターパレット 4色,1986
2026-01-07,64,데일리 뷰티,アモーレパシフィック,【お試しイベント】 アモパシお試し福袋500円イベント(IOPE / Sulwhasoo / VITALBEAUTIE / HOLITUAL / HANYUL / MAMONDE),500
2026-01-07,65,데일리 뷰티,VTコスメティックス,【5％OFFクーポン追加発行】】【最大38%OFF+SET GIFT】【2025年 VTアワード1位】不動の1位パック (CICA/PDRN/アゼライン酸/トラネキサム酸/レチノール),2534
2026-01-07,66,데일리 뷰티,VIDIVICI,【公式】ペタルグロウクリームチーク(全10色) 6g /韓国デパコス/韓国オリーブヤング1位/高級感/サロン愛用品/3大百貨店入店ブランド /元祖メイクさ,2528
2026-01-07,67,데일리 뷰티,ペリペラ,【新色発売】 シロッピートックチーク / チーク / リキッドチーク / ブラッシュ /,1390
2026-01-07,68,데일리 뷰티,AESTURA,【初売り限定特価！1位クリーム】【韓国皮膚科医推奨No.1】ホリデーセット/乾燥対策/インナードライに！ アトバリア365 クリーム 80mL ハイドロクリーム 60ml,3100
2026-01-07,69,데일리 뷰티,アヌア,ビタミン10 PORESTRIX セラム 20ml,2800
2026-01-07,70,데일리 뷰티,シャルド,【再入荷】【30%OFF】【温熱＋振動】NMN振動アイクリーム 20ml 美顔器 目元集中ケア 美顔器しわ シミ くすみ エイジングケア 乳液 クリーム 美容液 まぶた たるみ,2583
2026-01-07,71,데일리 뷰티,NAMING,【NM.公式】 リップ＆チークデュオセット,2490
2026-01-07,72,데일리 뷰티,センテリアン24,【初売りセール限定】マデカクリームシグネチャーエディション / 【この1本で保湿感たっぷり潤い・ハリ・毛穴ケア！】乾燥肌 敏感肌 肌荒れ / クリーム＆パック保湿Wケア,4100
2026-01-07,73,데일리 뷰티,2ªN,【公式】【オリヤン1位】新作発売ピュアグラッシュハイライター14種,1430
2026-01-07,74,데일리 뷰티,LIVELING,【初売り限定】KAYOコラボセット,4500
2026-01-07,75,데일리 뷰티,AOU,ブレンディングリップペンシル,1119
2026-01-07,76,데일리 뷰티,Kopher,【えつこ PICK】キュリペア メラクリーム(35mL) 単品/2本セット,3190
2026-01-07,77,데일리 뷰티,fancysharpmask,【限定クーポンでさらにおトク】高評価 最大60枚入りタイプあり！バイ カラー 3Dマスク 50枚/60枚/20枚 大容量 　花粉症対策 小顔マスク お得 不織布 立体マスク 血色,358
2026-01-07,78,데일리 뷰티,メディキューブ,【GIFT付】 PDRNピンクアンプル 30ml,2800
2026-01-07,79,데일리 뷰티,ホリカホリカ,【新色12種発売！】マイフェイブピースシャドウ/ジェルテイル　単色シャドウ,600
2026-01-07,80,데일리 뷰티,VIDIVICI,【公式】 ペプチドバター ティントバーム,1890
2026-01-07,81,데일리 뷰티,オフラ,【唯一無二の輝き】（ツヤ発光）ミニハイライター,2541
2026-01-07,82,데일리 뷰티,hince,"【受賞記念！リップ3点 1,994円】ロウグロウジェルティント(全20色)/レア膜ティント/飲み会リップ/ホリデー/ミニリップ",1881
2026-01-07,83,데일리 뷰티,コスノリ,【脱色 5回分】イージーブロウトーンチェンジャー / ムードチェンジャー / ブリーチ / 脱色クリーム / 脱色,2400
2026-01-07,84,데일리 뷰티,ホリカホリカ,[公式] マイフェイブムードアイシャドウパレット(全14種),2345
2026-01-07,85,데일리 뷰티,VTコスメティックス,【最大46%OFF+先着GIFT贈呈】【超バズリ】 NO.1 針美容液 リードルショット オリジナル美容針 /カラー(PDRN/レッドブースター/レチノール),4400
2026-01-07,86,데일리 뷰티,PERFECT DIARY,【翌日出荷 公式正規品】最安値挑戦中 新年限定価格 アイシャドウ 12色 アイシャドウパレット 動物アイシャドウパレット メイクパレット アイメイク チークハイライト 純欲メイク コスメ 涙袋,1799
2026-01-07,87,데일리 뷰티,PERFECT DIARY,トランスルーシェント ブルーリングセッティンク パウダー 3g/10g 透明感UP ブラーリング 皮脂崩れ防止 長時間キープ 猛暑 · 湿気に対策する,1870
2026-01-07,88,데일리 뷰티,Chus me,【1/7まで限定特価】【1箱】【新色登場】王道モテ カラコン マンスリー 1箱2枚入 度あり 度なし 14.2mm 14.5mm ベイビーモア ブリュレチャーム メロウキャメル ピーチブラウン,1655
2026-01-07,89,데일리 뷰티,モテコン,当店限定商品 カラコン 1day さくら プロデュースカラー ベビモテ DIA15mm 着色直径 14.6mm 14.8mm 1箱10枚入 ワンデー 度あり UVカット *CS0026*,1650
2026-01-07,90,데일리 뷰티,Laka,スージングプレップリップマスク,1890
2026-01-07,91,데일리 뷰티,メディキューブバイオ,【美顔器プレゼント / 最大47％OFF】 内外トータルケアセット,4726
2026-01-07,92,데일리 뷰티,ドクタージー,【最大45％】レッドクリーム特集(スージング/トラネキサム酸/バクチオール/保湿),3882
2026-01-07,93,데일리 뷰티,NAMING,【NM.公式】オーバーデューグロッシーリップティント,1760
2026-01-07,94,데일리 뷰티,エバーカラー,【新色3色登場】カラコン マンスリー（2枚）【1箱】シリコンハイドロゲル Wモイスト UVカット,1760
2026-01-07,95,데일리 뷰티,EIoM,【初売りセール】【はがすと皮脂がびっしり！】【ギフト付き】 トラブルパッチマスク4枚入 #トラブル#毛穴#角質#皮脂#敏感肌#脂性肌#鎮静#吸着マスク#ニキビ#マスクパック#肌荒れ,2490
2026-01-07,96,데일리 뷰티,ナンバーズイン,5番 白玉グルタチオン100xTXA10集中トーニング美容液/ナンバーズイン,4000
2026-01-07,97,데일리 뷰티,malunmalun,【1箱】【新色登場】カラコン ワンデー 10枚入 度あり 度なし ヘイジーベージュ サンリットラテ ミューグレージュ ホイップグレージュ メープルコントゥア,1710
2026-01-07,98,데일리 뷰티,ダルバ,【初売り特価】【ギフト名家】【みんなが喜ぶベストセラー】3種ミストセット/トーンアップUV化粧下地セット/ミスト日焼け止めセット,5000
2026-01-07,99,데일리 뷰티,メディキューブ,【最大77%OFF】 クリアランスセール,1110
2026-01-07,100,데일리 뷰티,ラクトメディ,パフュームミスト 30ml,1100
2026-01-07,101,데일리 뷰티,Biodance,【あまねコラボ】NEW X BEST1+1企画セット(8枚),3960
2026-01-07,102,데일리 뷰티,デイジーク,【現品ギフト】アイシャドウパレット (全36種),3800
2026-01-07,103,데일리 뷰티,,1月の新品-限定版ボンボンドロップシールビッグヒーローベイマックスたまごっちウサギスヌーピー レトロ萌えエンボスシール,380
2026-01-07,104,데일리 뷰티,KATAN,【1月中旬発売】ダーマヒットセラム 5 30g 針クリーム ニードルセラム リードルショット シカ ニードルショット,3740
2026-01-07,105,데일리 뷰티,OLENS,【新色登場】【2箱】 韓国 カラコン 1day 水光 1箱10枚入 ムードナイトチョコ レインブラック ビッググローイ グローイ ブラウン グレー ムードブラウン,3414
2026-01-07,106,데일리 뷰티,,【少量入荷】 3D立体クリスタル ステッカー 韓国 ステッカー ボンボンドロップシール ぷくぷくシール ステッカー シール帳 日記 シール たまごっち,550
2026-01-07,107,데일리 뷰티,モラク,新色販売中【2+1】モラクワンデー10枚入り 2箱+1箱おまけ付き カラコン 度なし 度あり カラーコンタクトレンズ 1day 宮脇咲良,2470
2026-01-07,108,데일리 뷰티,トリデン,【ファヘ3年連続1位】ダイブインセラム 大容量 80ml,2950
2026-01-07,109,데일리 뷰티,ティルティル,【おまけ付き】【話題の新作】マスクフィットルビーメッシュクッション,2821
2026-01-07,110,데일리 뷰티,manyo,【manyo公式】ガラクナイアシン3.0エッセンス 30mL 60mL トーンアップ 毛穴 肌キメ 高濃縮美容液 韓国コスメ スキンケア ma:nyo,2200
2026-01-07,111,데일리 뷰티,ミジャンセン,【初売り限定クーポン&GIFT贈呈】サロン10プロフェッショナル CICAヘアケア 3個セット,6430
2026-01-07,112,데일리 뷰티,ミルクタッチ,【公式 / 1/1~7限定】 26年新年1月初売り限定 ミルクタッチおすすめメイク福袋セット,2600
2026-01-07,113,데일리 뷰티,キャンディーマジック,(1箱20枚入)リニューアル カラコン 1day 新 シークレットキャンディーマジック ワンデー 度なし 度あり カラーコンタクトレンズ 14.5mm 水光カラコン 板野友美 lcode,2486
2026-01-07,114,데일리 뷰티,OZA SODA,【まとめ買いがお得！】 炭酸水 500ml 48本 2箱 選べる フレーバー 強炭酸 OZA SODA LIFEDRINK 無糖 フレーバー ラベルレス,1999
2026-01-07,115,데일리 뷰티,COSRX,【BEST】【大容量】 ザ・アルファアルブチン2ニキビ跡ケアセラム(50mL) / トラネキサム酸 / ナイアシンアミド / 色素沈着 / RX / 美白,2332
2026-01-07,116,데일리 뷰티,デイジーク,【ポーチギフト】初売りリップよりどり4点セット,2251
2026-01-07,117,데일리 뷰티,ラクトメディ,インナーケアジェル 1box(10個),1100
2026-01-07,118,데일리 뷰티,Longchamp,LE PLIAGE CLUB TOTE BAG ルプリアージュ クラブ L1621　Sサイズ,13299
2026-01-07,119,데일리 뷰티,ラルム,1day ラルムメルティシリーズ (1箱10枚入り)　【シリーズ初の軸固定・水光カラコン！】,1760
2026-01-07,120,데일리 뷰티,ミルクタッチ,【公式 / 26/1/1~ 新カラー3種発売】 #クリームチーズリップ スプレッドフィットブラーティント,1769
2026-01-07,121,데일리 뷰티,,現品 Stray Kids DO IT 中華 北京/廣州 POP-UP SKZOO 水カップ 魔法瓶カップ（新品　現場購入）,10200
2026-01-07,122,데일리 뷰티,ワンデーピュアうるおいプラス,シード ワンデーピュア うるおいプラス 96枚入2箱,10500
2026-01-07,123,데일리 뷰티,ルナ,[1+1]Long Lasting(コレクター 6.5g / コンシーラー7.5g) -2つ選択,1680
2026-01-07,124,데일리 뷰티,TFIT,【公式】 トランスルーセントセットフィニッシングパウダー 7g 全5色・トランスルーセントセットエッセンシャルパウダー 5g 全2色 /脂性肌/乾燥肌/テカリ/保湿パウダー,1565
2026-01-07,125,데일리 뷰티,Mooekiss,【Mooekiss公式】2in1エッセンスリップティント 14色 マット・みずみずしい・飲み会リップ / 8時間潤い持続 / ヒアルロン酸配合・保湿ケア 6ML*1モーキスリップ,1554
2026-01-07,126,데일리 뷰티,Chapun,回らない水光カラコン Chapun シャプン 10枚入 1day ワンデー 斉藤なぎさ なーたん ずるモテベージュ きらゆめブラウン いとおしブラック　ときとめグレー みつめてブラウニー,1543
2026-01-07,127,데일리 뷰티,Longchamp,LONGCHAMP ロンシャン LE PLIAGE CLUB TOTE BAG L1621 619 6色レディーストートバッグ折り畳め Sサイズ,12300
2026-01-07,128,데일리 뷰티,,【3枚セット】新色追加！極暖裏起毛 マグマ裏起毛インナー ヒートテック 超極暖インナー あったかインナー,1350
2026-01-07,129,데일리 뷰티,イニスフリー,【限定福袋1/1からの特別価格】【最大40％OFF】グリーンティーセラミドミルク × レチノールPDRNセット/グリーンティーセラミドミルク × セラミドクリームセット /セラミド/化粧水,4880
2026-01-07,130,데일리 뷰티,VTコスメティックス,【CICAセット追加】【最大59％OFF+現品GIFT】 新年美肌チャレンジセット2種 PDRNセット・CICAセット(PDRN／リードルショット／カプセルクリーム／アイクリーム／ツヤ /,4490
2026-01-07,131,데일리 뷰티,Sung Boon Editor,【2個セット/単品】シルクペプチドEGFハートフィットボリュームアンプル(アプリケータータイプ),2850
2026-01-07,132,데일리 뷰티,バイタルビューティー,【2026年初売り限定！】2026ダイエットスタート福袋,8164
2026-01-07,133,데일리 뷰티,ジョンセンムル,【ツヤ肌クッションファンデーション】ジョンセンムル エッセンシャル スキン ヌーダー クッション 本品/本品+レフィル付き　クッションファンデ　ツヤ肌,3420
2026-01-07,134,데일리 뷰티,ザノースフェイス,KS NOVELTY NUPTSE ジャケット/ユニセックス/NJ1DR68T/大人もOK,34900
2026-01-07,135,데일리 뷰티,ink.,【3個セット】1位獲得！とろける無添加クレンジング3個セット インク クレンジングバーム 90g3個（全9種）,2980
2026-01-07,136,데일리 뷰티,Hapa Kristin,【1day 2箱SET】ワンアンドオンリープラス 1day 韓国 カラコン 水光カラコン シュガーハイ アイアム ビーン ドーリー 1箱10枚,3742
2026-01-07,137,데일리 뷰티,遺伝子博士,【新春限定ポスポス付！】遺伝子検査ダイエット『遺伝子博士』肥満遺伝子を調べて効率的にダイエット DNA検査キット,2860
2026-01-07,138,데일리 뷰티,ラルム,【もれなく1箱無料！】シリコンハイドロゲル WモイストUV & モイスチャーUV (1箱10枚入り),3520
2026-01-07,139,데일리 뷰티,メディキューブ,【GIFT付】 TXAナイアシンアミド15セラム 30ml,2800
2026-01-07,140,데일리 뷰티,crassiang,3cmミルクブラセット 無地 ノンワイヤーブラ・ショーツ上下セット [4カラー],3700
2026-01-07,141,데일리 뷰티,レヴィア,新色大好評【公式限定！33％OFF】3箱合計 30枚 カラコン ワンデー 1day COLOR カラーコンタクト グレー ブラウン UVカット 度あり 度なし 裸眼風 ナチュラル,3432
2026-01-07,142,데일리 뷰티,Samsonite,スーツケース シーライト コスモライト スピナー 機内持込 36L 55cm 4輪 スーツケース,32999
2026-01-07,143,데일리 뷰티,ウェイクメイク,【公式】【初売り限定GIFT】シームレスウェアファンデーション/下地/ブラシ/リキッドファンデーション/30ml,3380
2026-01-07,144,데일리 뷰티,glow,【アロエサポートクリーム 7日分キット GIFT】ノットドライコンシーラー (not dry concealer) 10g,3322
2026-01-07,145,데일리 뷰티,アヌア,【新発売】PDRNヒアルロン酸ハイドレイティングミスト(単品/セット),2650
2026-01-07,146,데일리 뷰티,バニラコ,【SNSで話題！バニラコNO.1クッション】 バニラコ クッションファンデ 4種 カバーリシャスアルティメット ホワイトクッション モイスチャー クッション ファンデーション,3300
2026-01-07,147,데일리 뷰티,TFIT,【限定GIFT】 バズアイテム 2点セット /企画セット/パウダー/コンシーラー/プライマー/毛穴隠し/崩れにくい/テカリ防止/メイクキープ/ニキビ跡/韓国コスメ/下地,3129
2026-01-07,148,데일리 뷰티,KQエンターテインメント,Fanplday特典付 [予約] バージョン選択 ATEEZ OFFCUT PAPER INCENSE SET 公式グッズ,7990
2026-01-07,149,데일리 뷰티,Dior,【外箱なし送料無料】Dior アディクト リップ マキシマイザー 6ml 各種【#001/#004など 全12種】 専用ポーチ付き,2999
2026-01-07,150,데일리 뷰티,クリオ,【日本限定カラー登場】【BEST】プロアイパレットエアー / しっとり / 粉質 / アイシャドウ / アイシャドウパレット / プロアイパレット / ディズニー,2990
2026-01-07,151,데일리 뷰티,フィー,【限定色追加 / 2個セット】 3Dボリューミンググロス,3100
2026-01-07,152,데일리 뷰티,airlens,【2026福袋】 (60＋4枚) 【2箱】 【シリーズ選べる】1day 60枚 低含水 高含水 1箱 30枚入 度あり シリコン ウルトラティン ブルーライトセーブ,2579
2026-01-07,153,데일리 뷰티,クレスト,正規品 3Dホワイトニングシートホワイトニング40日分 箱なし 超簡単に家で歯を的に,1678
2026-01-07,154,데일리 뷰티,Linkiss,カラコン 1day 回らない水光カラコン リンキス ワンデー りんかプロデュース1箱10枚 1DAY 軸固定 水光レンズ フィキシングカラコン,1650
2026-01-07,155,데일리 뷰티,エイプリルスキン,ヒーロークッション 本品,2391
2026-01-07,156,데일리 뷰티,モラク,(2箱+1箱)計30枚 モラク　カラコン 1day ワンデー 度なし 度あり カラーコンタクトレンズ　inter　ブラウンバニー ダークピオニー ダズルグレー ドーリッシュグレー,2299
2026-01-07,157,데일리 뷰티,アヌア,【新発売】 選べるダーマトナー5種 (TXA / ビタミン / PDRN / アゼライン酸 / BHA),2500
2026-01-07,158,데일리 뷰티,モラク,【2箱+1箱無料！合計30枚】 MOLAK　モラク　ワンデー　度なし　度あり　カラコン　1箱10枚入　宮脇咲良,2299
2026-01-07,159,데일리 뷰티,ジョンセンムル,【チークブラッシュ】アーティスト クッション ブラッシュ 全10色 4g チーク チークメイク　クッションチーク,2300
2026-01-07,160,데일리 뷰티,フィトティクス,[黄色イエロー 3ヶ月分セット] 韓国で話題のフェイムケア! 女性のための膣由来乳酸菌 30粒*3箱,6790
2026-01-07,161,데일리 뷰티,ラネージュ,【初売り限定！1/1からの特別価格】【購入者特典 プレゼント中】リップスリーピングマスク20g リップクリーム 唇ケア リップマスク ツヤ うるおい タイパ 保湿 夜ケア ぷるぷる ex,2129
2026-01-07,162,데일리 뷰티,ピュアアクア,クリアコンタクト ピュア アクア ワンデー UV Moist 38 1箱30枚,1084
2026-01-07,163,데일리 뷰티,アヌア,ライス ブライトニング酵素洗顔パウダー 40g,1950
2026-01-07,164,데일리 뷰티,MilleFée,【リキッドチーク】シェイクドロップチーク リキッドチーク ツヤチーク クリームチーク 血色感 ナチュラル 中顔面短縮 透明感 多幸感 崩れない ベースメイク ふんわり 4色 イエベ ブルべ,1950
2026-01-07,165,데일리 뷰티,ラネージュ,【初売り限定！1/1からの特別価格】【話題のグミベア入り特別セット！】リップグロウィバーム リップクリーム 唇ケア リップバーム 持ち運び ツヤ うるおい / ビタミンC,1870
2026-01-07,166,데일리 뷰티,azatome,あざとめ 1箱10枚 ワンデー カラコン,1760
2026-01-07,167,데일리 뷰티,cicica,YouTuber鹿の間プロデュースカラコン(1箱10枚入り),1760
2026-01-07,168,데일리 뷰티,AOU,【韓国アイドルトーンアップ】トーンアップぽよんクリーム100ml,1393
2026-01-07,169,데일리 뷰티,celimax,【ノニマスク付き】「大容量」ノニエネルギーアンプル 2.0 100ml 鎮静・水分ケア エアレス容器,4410
2026-01-07,170,데일리 뷰티,Chus me,【新色先行】【1箱】水光レンズ カラコン ワンデー 10枚入 度あり 度なし 1day ホーリーキス ノエルハグ エッセンスベージュ セラムグレー,1688
2026-01-07,171,데일리 뷰티,EITHER&,新色発売！SNSで話題！！【公式】デューイシロップティント/バーチャルティント,1633
2026-01-07,172,데일리 뷰티,ディプティック,ディプティック diptyque 香水 オードトワレ アトマイザー 選べる3本セット 各1.5ml,1500
2026-01-07,173,데일리 뷰티,BBIA,韓国話題の新色追加！8色コンパクトなアイパレット・ レディトゥーウェアアイパレット,1500
2026-01-07,174,데일리 뷰티,YU’NOW,AA～C to mee 無地 3/4カップ ワイヤー ワイヤー入りブラ・ショーツ上下セット [6カラー],2490
2026-01-07,175,데일리 뷰티,おいせさん,お浄めスプレー ルームフレグランス お浄め塩スプレー スプレー お清めスプレー 縁切りスプレー お浄め縁切スプレー お浄め恋スプレー お伊勢さん 厄除け 浄化 おいせ お守り ダイエット 17mL,1380
2026-01-07,176,데일리 뷰티,メディキューブ,ブースタープロ ミニプラス,14410
2026-01-07,177,데일리 뷰티,ロムアンド,グラスティングカラーグロス,1320
2026-01-07,178,데일리 뷰티,エグータム,まつげ美容液 正規品 アルマダスタイル 2ml 新パッケージ まつ育 まつげ美容液 まゆ毛 眉毛美容液,5480
2026-01-07,179,데일리 뷰티,カラーグラム,【公式】【wiggle wiggleコラボ】タンフルグラスティントミルク,1190
2026-01-07,180,데일리 뷰티,フェリアモ,【カラコン福袋4箱セット】TOPARDS feliamo ブランド・カラー選べる トパーズ フェリアモ 1DAY ワンデー,4000
2026-01-07,181,데일리 뷰티,スキンフード,【 3カラー】 サーモンPDRNダークサークル コンシーラークリーム( 10g） / リニューアル / 化粧下地 / コンシーラー / クマ隠す,1100
2026-01-07,182,데일리 뷰티,リファ,【ReFa公式】リファ ビューテック ドライヤー スマート ダブル W プレゼント　Qoo10ランキング1位 ReFa,40000
2026-01-07,183,데일리 뷰티,ByUR,【1/1-1/7限定特価!人気No.1!】選べる2個セット デイリーアクアセラムマスク （グローブースト/プランプハニー/ビタギビング/スージンググリーン）スキンケア フェイス パック 毛穴パ,4356
2026-01-07,184,데일리 뷰티,JUDYDOLL,ハイライト メリハリマスターパレット コスメ ハイライト シェーディング 立体感 小顔 パーフェクトダイアリー ハイライト,1000
2026-01-07,185,데일리 뷰티,UNOVE,【なぐもふうかコラボ】 アノブお試し入門者セット トリートメント シャンプー ヘアオイル ヘアケア 洗い流さないトリートメント プレゼント クリスマス 限定 贈り物,5909
2026-01-07,186,데일리 뷰티,サンリオ,【新色登場 】ボンボンドロップシール 透明な中実クリスタル 3D立体クリスタル DIY キティ キャラクター ステッカースマホケースDiy シール交換话题沸腾,109
2026-01-07,187,데일리 뷰티,ナンバーズイン,【20枚】 選べるシートマスク20枚セット/ナンバーズイン,4800
2026-01-07,188,데일리 뷰티,ホイップド,2026新年トータルケア福袋(パッククレンザー+パックスクラブ＋ボディバター＋アンプル＋ギフト２点付き)/乾燥肌・敏感肌・保湿バリア・ツヤケア,4800
2026-01-07,189,데일리 뷰티,Ytning,【カッサクリーム】 セルライト除去 ワイトニングリンパマッサージクリーム セルライト/スリミング/美顔器/たるみ/ハリ,2835
2026-01-07,190,데일리 뷰티,SERMENT,【韓国の美容皮膚科医オススメ！】【 関税なし】【 NEW 】セルマン5種オリジナル機能性セット(トナー150ml+セラム30ml+クリーム50ml+ビタミンCセラム30ml+ウォッシュパウダー70g),38380
2026-01-07,191,데일리 뷰티,イージーデュー,"【公式】DW-EGFメラワンデーセラム10ｍL(大熊製薬　美白　シミ　くすみ　ターンオーバー　ナイアシンアミド　グルタチオン　美容液　メラトーニングワンデーアンプル, 12ml）",2990
2026-01-07,192,데일리 뷰티,タンスのゲン,ベッド 脚付きマットレス シングル セミダブル ダブル 厚み20cm マットレス 脚付き おしゃれ カバー付き 洗える 収納 ベッド ボンネルコイル カバー 17800062,12999
2026-01-07,193,데일리 뷰티,フラワーアイズ,【在庫限り】 フラワーアイズ ワンデー 吉田凜音 10枚 (1箱),599
2026-01-07,194,데일리 뷰티,PERFECT DIARY,NEW【最大70%OFF】コスメ福袋 LUCKY BOX 豪華5点セット 人気アイテム詰め合わせセット パウダー クッションファンデ アイシャドウ リップ リップグロス 定番アイテム詰め合わせ,3630
2026-01-07,195,데일리 뷰티,チョゴンジン,【公式】[選べる] ミシャ ヨンアン ジン シリーズ 化粧水 / 美容液 / 乳液 / クリーム / アイクリーム / パック(YOUNGAN),3190
2026-01-07,196,데일리 뷰티,スキンフード,【1/1 ~ 初売り限定プレ・2箱選択可能】 分厚いふき取りトナーパッド/お好みで選べる全13種/水分保湿 キャロット/美肌痕跡ナイアシンアミド/光彩保湿バナナPDRN/美肌栄養ライス,3900
2026-01-07,197,데일리 뷰티,コスメデコルテ,COSME DECORTE コスメデコルテ ルースパウダー / フェイスパウダー 20g/16g 各種 #00/#07/#101など 【送料無料】,3728
2026-01-07,198,데일리 뷰티,Fabulous,【公式限定】2箱購入で１箱無料！「ファビュラス」待望の 1day 登場 カラコン ワンデー 10枚 鈴木愛理 度あり 度なし 着色直径 14.8 mm 国内最大,3916
2026-01-07,199,데일리 뷰티,ビープレーン,[国内発送_2個セット](緑豆/ビタ) クレンジングライン (洗顔/バーム/オイル/クレイパック/ウォーター/ピーリング),3380
2026-01-07,200,데일리 뷰티,,【本日限定】超極暖 裏起毛ボアパンツ ストレッチ レギンスパンツ　レディース ラインパンツ リブレギンス スキニー スパッツ レギンスパンツ レギパン ストレッチ,999
2026-01-06,1,데일리 뷰티,,【エガちゃん福袋2026年】 ハズレ無し殿堂入り商品 8点セット + サンプル最大6点 + 大判オリジナルヘアバンド,11900
2026-01-06,2,데일리 뷰티,アロマティカ,【1/7限定特価】 【オリーブヤングアワーズＷケア部門3年連続1位】【公式】 デリケートゾーンソープ／フォーム170ml／かゆみ匂いケア／弱酸性／デリケートゾーンケア／フェミニンウォッシュ／爽やか,1328
2026-01-06,3,데일리 뷰티,メディキューブ,【Nanaコラボ】 ブースタープロ初売り限定セット / AGE-Rブースタープロ / 1台6役高級エステケア / 美顔器,28889
2026-01-06,4,데일리 뷰티,Biodance,【あまねコラボ】NEW X BEST1+1企画セット(16枚),6750
2026-01-06,5,데일리 뷰티,VIDIVICI,【MonroeｘVIDIVICI】 VIDIVICI推し パーフェクトセット,7453
2026-01-06,6,데일리 뷰티,2ªN,【公式】【新作発売】ベターミーアイパレット19種/ジェリーグロウハイライター1種,2200
2026-01-06,7,데일리 뷰티,CICIBELLA,【敏感肌に優しい不織布】 高評価 3Dマスク 小顔マスク バイカラー 20枚 冷感マスク バイカラーマスク 不織布マスク 立体マスク 血色マスク 大きサイズ おしゃれマスク カラー母の日,473
2026-01-06,8,데일리 뷰티,メディキューブ,【がよん Pick! / はりん Pick! / EMSローラー新登場】 AGE-R ブースタープロミニプラス / 振動リフトクレンザーヘッド / 美顔器,12900
2026-01-06,9,데일리 뷰티,メディキューブ,【初売り限定 / 61% OFF】 初売りうるツヤセット (2種 / PDRN / コウジ酸ビタ),4490
2026-01-06,10,데일리 뷰티,23yearsold,【公式/再入荷】ダーマシンコンシーラー 5g 10種 / 肌荒れカバー/ニキビ跡カバー/ドクダミ成分/23yearsold/23イヤーズオールド,1580
2026-01-06,11,데일리 뷰티,アヌア,【最大54％OFF】 選べる2026福袋 ダーマライン3STEP/4STEPセット(PDRN / ビタミン / レチノール / アゼライン酸 ),4400
2026-01-06,12,데일리 뷰티,ODELOI,"【限定ギフト付き】オドロイ ブラックチェリー毛穴収縮クリームルフティグ, 100ml (毛穴対策 / シワケア / メイクのり )",2261
2026-01-06,13,데일리 뷰티,エイプリルスキン,ヒーロークッション 本品 + リフィル付き,3600
2026-01-06,14,데일리 뷰티,アヌア,PDRN ヒアルロン酸カプセル100 セラム 30ml(単品/セット),3200
2026-01-06,15,데일리 뷰티,アヌア,【最大51％OFF】選べるベストマスクパック ( 30枚入りマスク / コラーゲンマスク/7枚入りマスクパック),2600
2026-01-06,16,데일리 뷰티,ラルム,1MONTH　ラルムメルティシリーズ (1箱2枚入り) シリーズ初の軸固定・水光カラコン！,1650
2026-01-06,17,데일리 뷰티,VIDIVICI,【MonroeｘVIDIVICI】新作ベース＆カラー メイクセット,5400
2026-01-06,18,데일리 뷰티,ダルバ,"【初売り特価】【累積販売数6,300万本突破】ホワイトトリュフファーストスプレーセラム 100ml /4種/ミスト/化粧水/保湿/栄養/弾力/ハリ/光彩/ツヤ",2700
2026-01-06,19,데일리 뷰티,OLENS,【新色登場】【1箱】レインブラック 韓国 カラコン 1day 水光 10枚入 ムードチョコ グローイティア リアリッシュ グローイ ビッググローイ,1742
2026-01-06,20,데일리 뷰티,フランミー,【1箱】【3箱購入で１箱分無料】【２＋１】【新色登場】カラコン ワンデー 10枚入 度あり 度なし 14.2mm 14.5mm ミルクプリン アールグレイパフェ ソルティバニラ バターファッジ,1797
2026-01-06,21,데일리 뷰티,バイオヒールボ,【Qoo10アワーズクリーム1位/国s pick】3Dリフティングクリーム(本品50ml＋リフィル50ml)＋3Dアイリンクルクリーム(25ml＋25ml) 特別企画セット,5467
2026-01-06,22,데일리 뷰티,VIDIVICI,【MonroeｘVIDIVICI】発光上品 ベースメイクセット,5100
2026-01-06,23,데일리 뷰티,フィー,スパグロウUVトーンアップベース,2310
2026-01-06,24,데일리 뷰티,アヌア,アヌア レチノール0.3 ナイアシンリニューイングセラム30ml,3200
2026-01-06,25,데일리 뷰티,FOODOLOGY,"【2個セット】【食後ダイエットサポート】コレオロジーカットゼリー / コレオロジー30錠/60錠 (体脂肪+血糖値+炭水化物, 便秘)",4000
2026-01-06,26,데일리 뷰티,ダルバ,【初売り限定特価】【NEWカバーアップ再入荷】トーンアップサンクリーム 50ml 4種 SPF50+PA++++/日焼け止め/化粧下地/メイク崩れ防止,2900
2026-01-06,27,데일리 뷰티,AESTURA,【初売り限定！1位クリーム入り】乾燥対策セットAESTURA エストラ アトバリア 保湿 セラミド 美容液 福袋 スキンケアセット クリーム,5780
2026-01-06,28,데일리 뷰티,フェリアモ,(1箱2枚) feliamo フェリアモ マンスリー 1ヵ月[feliamo-1month][PI]*,1080
2026-01-06,29,데일리 뷰티,2ªN,【公式】【新作発売】デュアルチーク 18種,1870
2026-01-06,30,데일리 뷰티,Veganery by d'Alba,Jさんコラボ【1日1本ビタミン】【30個】飲むダルバ・マルチビタミン＆ビューティ/ビタミン/インナービューティー/ヴィーガン/ナイトケア/活力ケア/元気回復/,4830
2026-01-06,31,데일리 뷰티,ダルシム,【2/2予約発送】今日まで半額セール! 【脂肪CUTアンプル10本】 高吸収ダイエットブースターショット10本　体脂肪　ランキング　韓国　ダイエットサプリ　ビタミン　痩せる　人気　食品　通販,4000
2026-01-06,32,데일리 뷰티,まるごと巨峰くん,【保存料・着色料不使用】まるごと巨峰くん EAA 必須アミノ酸9種配合 270g,5130
2026-01-06,33,데일리 뷰티,Dinto,選べる福袋セット,3332
2026-01-06,34,데일리 뷰티,ダルバ,【初売り特価】 【Q-only】 ダルバのプレミアム福袋/ミスト/下地/プレゼント,6900
2026-01-06,35,데일리 뷰티,トゥークールフォースクール,【公式】【単品】アートクラススマッジングアンダーライナー+(2個購入時)デューブラーリーティントランダム贈呈,1499
2026-01-06,36,데일리 뷰티,,MacBook Air Liquid ディスプレイ 13.6 MC7W4J/A [スターライト],136800
2026-01-06,37,데일리 뷰티,アヌア,"ダークスポットセラム (ナイアシンアミド10%, トラネキサム酸 4%) 30ml",2800
2026-01-06,38,데일리 뷰티,ティーゼン,【みゆコラボ】冬のご褒美ポカポカミルクティー×アサビ限定セット,4188
2026-01-06,39,데일리 뷰티,アビブ,【Abib公式】初売り限定ギフト！新春スターターケア福袋（復活草/グルタチオンソーム）/福袋/初売り/スキンケアセット/韓国コスメ,5990
2026-01-06,40,데일리 뷰티,サミュ,【サミュ公式】最大60%OFF＋さらに1＋1！サミュの定番商品1＋1セット　PHクリーム　PHトナー　PHアンプル　PHフェイシャルトリートメント　セラミド　福袋,4500
2026-01-06,41,데일리 뷰티,lily eve,【数量限定】【最大60%OFF】 lilyeve 2026 初福袋！(+限定カッサブラシ付き) / ヘアケア／頭皮ケア／抜け毛ケアアンプル／抜け毛ケアソリューション/育毛剤,4800
2026-01-06,42,데일리 뷰티,ミジャンセン,【初売り限定クーポン&GIFT贈呈】サロン10 ヘアケア 人気アイテムおすすめ 2個セット,2875
2026-01-06,43,데일리 뷰티,ティルティル,【初売り限定】【本品3点】ランダムボックス 超お得にゲット！クッションファンデ コンシーラー ハイライト リップ アイシャドウ マスカラ 福袋 ラッキーボックス,1665
2026-01-06,44,데일리 뷰티,トゥークールフォースクール,【公式/新色_1Color】【単品】【16色】フロッタージュペンシル + (*カート番号ごとに一つ)ベージュシャープナー,1499
2026-01-06,45,데일리 뷰티,モラク,【1箱】新色販売中 モラク マンスリー 2枚入り1箱（1ヶ月分） カラコン 1ヶ月 度なし 度あり カラーコンタクトレンズ 1month 宮脇咲良,1180
2026-01-06,46,데일리 뷰티,BOUTIQUEKOREA,お得な10個入り！ネオン氷ストーン 全5色 16種類 クリア ネイルストーン キラキラ ジェルネイル 韓国パーツ ネイルパーツ ネイルストーン st,230
2026-01-06,47,데일리 뷰티,ブラン,皮脂ゼロエアフィットクッション／ニキビ肌完全カバー／48時間持続力／5重シカ含有でニキビケア,2980
2026-01-06,48,데일리 뷰티,Sung Boon Editor,【クリアランスセール】グリーントマトアンプル30ml/40ml/75ml/シルクペプチドアンプル35ml/30ml/トグリーントマトナー350ml,999
2026-01-06,49,데일리 뷰티,AZTK,【新年1日限定価格 限定GIFT】【公式】AZTK ジェリーカラーチークリキッド 多目的リキッドチーク 水彩画チーク ヌードメイク 可愛い 高発色 高密着 カラーロック 7種類,1165
2026-01-06,50,데일리 뷰티,メディキューブ,【スプレーノズルGIFT付】コウジ酸ビタナイアシントナー250ml,2300
2026-01-06,51,데일리 뷰티,WEIMALL,【今だけ5％OFFクーポンで更にお得】【敏感肌に優しい不織布】高評価 3Dマスク 最大60枚入り 冷感 小顔 花粉症 乾燥対策 花粉症対策 立体マスク バイカラー 不織布 大容量 40枚 60枚 20,398
2026-01-06,52,데일리 뷰티,ミルクタッチ,【公式 / 11/1~ FW新カラー6種 発売】 #こんにゃくゼリーティント ジェリーフィットティンティッドグロウティント 全16色,1707
2026-01-06,53,데일리 뷰티,アヌア,【最大66％OFF】 アヌア 初売り クリアランスセール ( 化粧水 / 美容液 / 乳液 / クリーム / マスクパック),1500
2026-01-06,54,데일리 뷰티,アヌア,アゼライン酸15 インテンスカーミングセラム 30ml,2800
2026-01-06,55,데일리 뷰티,Balance Flow,【韓国で人気】レトックスライン / レモン酵素 / ダイエットサプリ / ダイエット / 乳酸菌・ビタミンC補給サプリ・　1ヶ月分,3099
2026-01-06,56,데일리 뷰티,スキンアンドラブ,"【BEST化粧水】【ウィグルウィグルコラボ】グルタチオントナー 200ml 純度99％セルラーソームグルタチオン3,000PPM配合 無臭 韓国スキンケア 化粧水 トナー 白玉",2590
2026-01-06,57,데일리 뷰티,FEG,【Qoo10/楽天1位】レビュー１０万超えﾏﾂﾊﾟ/ﾏﾂｴｸ対応【FEG公式】 まつげ美容液 / 販売数40万本突破 正規品 (FEGまつ毛美容液),899
2026-01-06,58,데일리 뷰티,ブラン,【ニキビ1位】マジックティーツリーオイル 20ml5倍高濃縮ティーツリー成分／ニキビ超急速ケア／赤ニキビ・白ニキビ・大人ニキビ・思春期ニキビ・ニキビ跡,2790
2026-01-06,59,데일리 뷰티,エイプリルスキン,カロテンIPMP ブレミッシュセラムパックパッド,2800
2026-01-06,60,데일리 뷰티,Flurry,【1箱】 【新色登場】 【最安値に挑戦中】カラコン 1day 度あり 10枚入り 度なし カラーコンタクトレンズ ワンデー ぱちくりベアー ゆめみるペガサス 華麗なキツネ キマグレネコ 愛されウサギ,999
2026-01-06,61,데일리 뷰티,トゥークールフォースクール,【公式/新発売】【4色】ヴェールドコントゥア+ソフトブレンディングパフ,2490
2026-01-06,62,데일리 뷰티,celimax,[celimax x なぐもふうか] 冬のツヤ&高保湿ケア2種セット / ノニアンプ / シミケアセラム / クリームマスク,4420
2026-01-06,63,데일리 뷰티,JUDYDOLL,【公式】メリハリマスターパレット 4色,1986
2026-01-06,64,데일리 뷰티,アモーレパシフィック,【お試しイベント】 アモパシお試し福袋500円イベント(IOPE / Sulwhasoo / VITALBEAUTIE / HOLITUAL / HANYUL / MAMONDE),500
2026-01-06,65,데일리 뷰티,VTコスメティックス,【5％OFFクーポン追加発行】】【最大38%OFF+SET GIFT】【2025年 VTアワード1位】不動の1位パック (CICA/PDRN/アゼライン酸/トラネキサム酸/レチノール),2534
2026-01-06,66,데일리 뷰티,VIDIVICI,【公式】ペタルグロウクリームチーク(全10色) 6g /韓国デパコス/韓国オリーブヤング1位/高級感/サロン愛用品/3大百貨店入店ブランド /元祖メイクさ,2528
2026-01-06,67,데일리 뷰티,ペリペラ,【新色発売】 シロッピートックチーク / チーク / リキッドチーク / ブラッシュ /,1390
2026-01-06,68,데일리 뷰티,AESTURA,【初売り限定特価！1位クリーム】【韓国皮膚科医推奨No.1】ホリデーセット/乾燥対策/インナードライに！ アトバリア365 クリーム 80mL ハイドロクリーム 60ml,3100
2026-01-06,69,데일리 뷰티,アヌア,ビタミン10 PORESTRIX セラム 20ml,2800
2026-01-06,70,데일리 뷰티,シャルド,【再入荷】【30%OFF】【温熱＋振動】NMN振動アイクリーム 20ml 美顔器 目元集中ケア 美顔器しわ シミ くすみ エイジングケア 乳液 クリーム 美容液 まぶた たるみ,2583
2026-01-06,71,데일리 뷰티,NAMING,【NM.公式】 リップ＆チークデュオセット,2490
2026-01-06,72,데일리 뷰티,センテリアン24,【初売りセール限定】マデカクリームシグネチャーエディション / 【この1本で保湿感たっぷり潤い・ハリ・毛穴ケア！】乾燥肌 敏感肌 肌荒れ / クリーム＆パック保湿Wケア,4100
2026-01-06,73,데일리 뷰티,2ªN,【公式】【オリヤン1位】新作発売ピュアグラッシュハイライター14種,1430
2026-01-06,74,데일리 뷰티,LIVELING,【初売り限定】KAYOコラボセット,4500
2026-01-06,75,데일리 뷰티,AOU,ブレンディングリップペンシル,1119
2026-01-06,76,데일리 뷰티,Kopher,【えつこ PICK】キュリペア メラクリーム(35mL) 単品/2本セット,3190
2026-01-06,77,데일리 뷰티,fancysharpmask,【限定クーポンでさらにおトク】高評価 最大60枚入りタイプあり！バイ カラー 3Dマスク 50枚/60枚/20枚 大容量 　花粉症対策 小顔マスク お得 不織布 立体マスク 血色,358
2026-01-06,78,데일리 뷰티,メディキューブ,【GIFT付】 PDRNピンクアンプル 30ml,2800
2026-01-06,79,데일리 뷰티,ホリカホリカ,【新色12種発売！】マイフェイブピースシャドウ/ジェルテイル　単色シャドウ,600
2026-01-06,80,데일리 뷰티,VIDIVICI,【公式】 ペプチドバター ティントバーム,1890
2026-01-06,81,데일리 뷰티,オフラ,【唯一無二の輝き】（ツヤ発光）ミニハイライター,2541
2026-01-06,82,데일리 뷰티,hince,"【受賞記念！リップ3点 1,994円】ロウグロウジェルティント(全20色)/レア膜ティント/飲み会リップ/ホリデー/ミニリップ",1881
2026-01-06,83,데일리 뷰티,コスノリ,【脱色 5回分】イージーブロウトーンチェンジャー / ムードチェンジャー / ブリーチ / 脱色クリーム / 脱色,2400
2026-01-06,84,데일리 뷰티,ホリカホリカ,[公式] マイフェイブムードアイシャドウパレット(全14種),2345
2026-01-06,85,데일리 뷰티,VTコスメティックス,【最大46%OFF+先着GIFT贈呈】【超バズリ】 NO.1 針美容液 リードルショット オリジナル美容針 /カラー(PDRN/レッドブースター/レチノール),4400
2026-01-06,86,데일리 뷰티,PERFECT DIARY,【翌日出荷 公式正規品】最安値挑戦中 新年限定価格 アイシャドウ 12色 アイシャドウパレット 動物アイシャドウパレット メイクパレット アイメイク チークハイライト 純欲メイク コスメ 涙袋,1799
2026-01-06,87,데일리 뷰티,PERFECT DIARY,トランスルーシェント ブルーリングセッティンク パウダー 3g/10g 透明感UP ブラーリング 皮脂崩れ防止 長時間キープ 猛暑 · 湿気に対策する,1870
2026-01-06,88,데일리 뷰티,Chus me,【1/7まで限定特価】【1箱】【新色登場】王道モテ カラコン マンスリー 1箱2枚入 度あり 度なし 14.2mm 14.5mm ベイビーモア ブリュレチャーム メロウキャメル ピーチブラウン,1655
2026-01-06,89,데일리 뷰티,モテコン,当店限定商品 カラコン 1day さくら プロデュースカラー ベビモテ DIA15mm 着色直径 14.6mm 14.8mm 1箱10枚入 ワンデー 度あり UVカット *CS0026*,1650
2026-01-06,90,데일리 뷰티,Laka,スージングプレップリップマスク,1890
2026-01-06,91,데일리 뷰티,メディキューブバイオ,【美顔器プレゼント / 最大47％OFF】 内外トータルケアセット,4726
2026-01-06,92,데일리 뷰티,ドクタージー,【最大45％】レッドクリーム特集(スージング/トラネキサム酸/バクチオール/保湿),3882
2026-01-06,93,데일리 뷰티,NAMING,【NM.公式】オーバーデューグロッシーリップティント,1760
2026-01-06,94,데일리 뷰티,エバーカラー,【新色3色登場】カラコン マンスリー（2枚）【1箱】シリコンハイドロゲル Wモイスト UVカット,1760
2026-01-06,95,데일리 뷰티,EIoM,【初売りセール】【はがすと皮脂がびっしり！】【ギフト付き】 トラブルパッチマスク4枚入 #トラブル#毛穴#角質#皮脂#敏感肌#脂性肌#鎮静#吸着マスク#ニキビ#マスクパック#肌荒れ,2490
2026-01-06,96,데일리 뷰티,ナンバーズイン,5番 白玉グルタチオン100xTXA10集中トーニング美容液/ナンバーズイン,4000
2026-01-06,97,데일리 뷰티,malunmalun,【1箱】【新色登場】カラコン ワンデー 10枚入 度あり 度なし ヘイジーベージュ サンリットラテ ミューグレージュ ホイップグレージュ メープルコントゥア,1710
2026-01-06,98,데일리 뷰티,ダルバ,【初売り特価】【ギフト名家】【みんなが喜ぶベストセラー】3種ミストセット/トーンアップUV化粧下地セット/ミスト日焼け止めセット,5000
2026-01-06,99,데일리 뷰티,メディキューブ,【最大77%OFF】 クリアランスセール,1110
2026-01-06,100,데일리 뷰티,ラクトメディ,パフュームミスト 30ml,1100
2026-01-06,101,데일리 뷰티,Biodance,【あまねコラボ】NEW X BEST1+1企画セット(8枚),3960
2026-01-06,102,데일리 뷰티,デイジーク,【現品ギフト】アイシャドウパレット (全36種),3800
2026-01-06,103,데일리 뷰티,,1月の新品-限定版ボンボンドロップシールビッグヒーローベイマックスたまごっちウサギスヌーピー レトロ萌えエンボスシール,380
2026-01-06,104,데일리 뷰티,KATAN,【1月中旬発売】ダーマヒットセラム 5 30g 針クリーム ニードルセラム リードルショット シカ ニードルショット,3740
2026-01-06,105,데일리 뷰티,OLENS,【新色登場】【2箱】 韓国 カラコン 1day 水光 1箱10枚入 ムードナイトチョコ レインブラック ビッググローイ グローイ ブラウン グレー ムードブラウン,3414
2026-01-06,106,데일리 뷰티,,【少量入荷】 3D立体クリスタル ステッカー 韓国 ステッカー ボンボンドロップシール ぷくぷくシール ステッカー シール帳 日記 シール たまごっち,550
2026-01-06,107,데일리 뷰티,モラク,新色販売中【2+1】モラクワンデー10枚入り 2箱+1箱おまけ付き カラコン 度なし 度あり カラーコンタクトレンズ 1day 宮脇咲良,2470
2026-01-06,108,데일리 뷰티,トリデン,【ファヘ3年連続1位】ダイブインセラム 大容量 80ml,2950
2026-01-06,109,데일리 뷰티,ティルティル,【おまけ付き】【話題の新作】マスクフィットルビーメッシュクッション,2821
2026-01-06,110,데일리 뷰티,manyo,【manyo公式】ガラクナイアシン3.0エッセンス 30mL 60mL トーンアップ 毛穴 肌キメ 高濃縮美容液 韓国コスメ スキンケア ma:nyo,2200
2026-01-06,111,데일리 뷰티,ミジャンセン,【初売り限定クーポン&GIFT贈呈】サロン10プロフェッショナル CICAヘアケア 3個セット,6430
2026-01-06,112,데일리 뷰티,ミルクタッチ,【公式 / 1/1~7限定】 26年新年1月初売り限定 ミルクタッチおすすめメイク福袋セット,2600
2026-01-06,113,데일리 뷰티,キャンディーマジック,(1箱20枚入)リニューアル カラコン 1day 新 シークレットキャンディーマジック ワンデー 度なし 度あり カラーコンタクトレンズ 14.5mm 水光カラコン 板野友美 lcode,2486
2026-01-06,114,데일리 뷰티,OZA SODA,【まとめ買いがお得！】 炭酸水 500ml 48本 2箱 選べる フレーバー 強炭酸 OZA SODA LIFEDRINK 無糖 フレーバー ラベルレス,1999
2026-01-06,115,데일리 뷰티,COSRX,【BEST】【大容量】 ザ・アルファアルブチン2ニキビ跡ケアセラム(50mL) / トラネキサム酸 / ナイアシンアミド / 色素沈着 / RX / 美白,2332
2026-01-06,116,데일리 뷰티,デイジーク,【ポーチギフト】初売りリップよりどり4点セット,2251
2026-01-06,117,데일리 뷰티,ラクトメディ,インナーケアジェル 1box(10個),1100
2026-01-06,118,데일리 뷰티,Longchamp,LE PLIAGE CLUB TOTE BAG ルプリアージュ クラブ L1621　Sサイズ,13299
2026-01-06,119,데일리 뷰티,ラルム,1day ラルムメルティシリーズ (1箱10枚入り)　【シリーズ初の軸固定・水光カラコン！】,1760
2026-01-06,120,데일리 뷰티,ミルクタッチ,【公式 / 26/1/1~ 新カラー3種発売】 #クリームチーズリップ スプレッドフィットブラーティント,1769
2026-01-06,121,데일리 뷰티,,現品 Stray Kids DO IT 中華 北京/廣州 POP-UP SKZOO 水カップ 魔法瓶カップ（新品　現場購入）,10200
2026-01-06,122,데일리 뷰티,ワンデーピュアうるおいプラス,シード ワンデーピュア うるおいプラス 96枚入2箱,10500
2026-01-06,123,데일리 뷰티,ルナ,[1+1]Long Lasting(コレクター 6.5g / コンシーラー7.5g) -2つ選択,1680
2026-01-06,124,데일리 뷰티,TFIT,【公式】 トランスルーセントセットフィニッシングパウダー 7g 全5色・トランスルーセントセットエッセンシャルパウダー 5g 全2色 /脂性肌/乾燥肌/テカリ/保湿パウダー,1565
2026-01-06,125,데일리 뷰티,Mooekiss,【Mooekiss公式】2in1エッセンスリップティント 14色 マット・みずみずしい・飲み会リップ / 8時間潤い持続 / ヒアルロン酸配合・保湿ケア 6ML*1モーキスリップ,1554
2026-01-06,126,데일리 뷰티,Chapun,回らない水光カラコン Chapun シャプン 10枚入 1day ワンデー 斉藤なぎさ なーたん ずるモテベージュ きらゆめブラウン いとおしブラック　ときとめグレー みつめてブラウニー,1543
2026-01-06,127,데일리 뷰티,Longchamp,LONGCHAMP ロンシャン LE PLIAGE CLUB TOTE BAG L1621 619 6色レディーストートバッグ折り畳め Sサイズ,12300
2026-01-06,128,데일리 뷰티,,【3枚セット】新色追加！極暖裏起毛 マグマ裏起毛インナー ヒートテック 超極暖インナー あったかインナー,1350
2026-01-06,129,데일리 뷰티,イニスフリー,【限定福袋1/1からの特別価格】【最大40％OFF】グリーンティーセラミドミルク × レチノールPDRNセット/グリーンティーセラミドミルク × セラミドクリームセット /セラミド/化粧水,4880
2026-01-06,130,데일리 뷰티,VTコスメティックス,【CICAセット追加】【最大59％OFF+現品GIFT】 新年美肌チャレンジセット2種 PDRNセット・CICAセット(PDRN／リードルショット／カプセルクリーム／アイクリーム／ツヤ /,4490
2026-01-06,131,데일리 뷰티,Sung Boon Editor,【2個セット/単品】シルクペプチドEGFハートフィットボリュームアンプル(アプリケータータイプ),2850
2026-01-06,132,데일리 뷰티,バイタルビューティー,【2026年初売り限定！】2026ダイエットスタート福袋,8164
2026-01-06,133,데일리 뷰티,ジョンセンムル,【ツヤ肌クッションファンデーション】ジョンセンムル エッセンシャル スキン ヌーダー クッション 本品/本品+レフィル付き　クッションファンデ　ツヤ肌,3420
2026-01-06,134,데일리 뷰티,ザノースフェイス,KS NOVELTY NUPTSE ジャケット/ユニセックス/NJ1DR68T/大人もOK,34900
2026-01-06,135,데일리 뷰티,ink.,【3個セット】1位獲得！とろける無添加クレンジング3個セット インク クレンジングバーム 90g3個（全9種）,2980
2026-01-06,136,데일리 뷰티,Hapa Kristin,【1day 2箱SET】ワンアンドオンリープラス 1day 韓国 カラコン 水光カラコン シュガーハイ アイアム ビーン ドーリー 1箱10枚,3742
2026-01-06,137,데일리 뷰티,遺伝子博士,【新春限定ポスポス付！】遺伝子検査ダイエット『遺伝子博士』肥満遺伝子を調べて効率的にダイエット DNA検査キット,2860
2026-01-06,138,데일리 뷰티,ラルム,【もれなく1箱無料！】シリコンハイドロゲル WモイストUV & モイスチャーUV (1箱10枚入り),3520
2026-01-06,139,데일리 뷰티,メディキューブ,【GIFT付】 TXAナイアシンアミド15セラム 30ml,2800
2026-01-06,140,데일리 뷰티,crassiang,3cmミルクブラセット 無地 ノンワイヤーブラ・ショーツ上下セット [4カラー],3700
2026-01-06,141,데일리 뷰티,レヴィア,新色大好評【公式限定！33％OFF】3箱合計 30枚 カラコン ワンデー 1day COLOR カラーコンタクト グレー ブラウン UVカット 度あり 度なし 裸眼風 ナチュラル,3432
2026-01-06,142,데일리 뷰티,Samsonite,スーツケース シーライト コスモライト スピナー 機内持込 36L 55cm 4輪 スーツケース,32999
2026-01-06,143,데일리 뷰티,ウェイクメイク,【公式】【初売り限定GIFT】シームレスウェアファンデーション/下地/ブラシ/リキッドファンデーション/30ml,3380
2026-01-06,144,데일리 뷰티,glow,【アロエサポートクリーム 7日分キット GIFT】ノットドライコンシーラー (not dry concealer) 10g,3322
2026-01-06,145,데일리 뷰티,アヌア,【新発売】PDRNヒアルロン酸ハイドレイティングミスト(単品/セット),2650
2026-01-06,146,데일리 뷰티,バニラコ,【SNSで話題！バニラコNO.1クッション】 バニラコ クッションファンデ 4種 カバーリシャスアルティメット ホワイトクッション モイスチャー クッション ファンデーション,3300
2026-01-06,147,데일리 뷰티,TFIT,【限定GIFT】 バズアイテム 2点セット /企画セット/パウダー/コンシーラー/プライマー/毛穴隠し/崩れにくい/テカリ防止/メイクキープ/ニキビ跡/韓国コスメ/下地,3129
2026-01-06,148,데일리 뷰티,KQエンターテインメント,Fanplday特典付 [予約] バージョン選択 ATEEZ OFFCUT PAPER INCENSE SET 公式グッズ,7990
2026-01-06,149,데일리 뷰티,Dior,【外箱なし送料無料】Dior アディクト リップ マキシマイザー 6ml 各種【#001/#004など 全12種】 専用ポーチ付き,2999
2026-01-06,150,데일리 뷰티,クリオ,【日本限定カラー登場】【BEST】プロアイパレットエアー / しっとり / 粉質 / アイシャドウ / アイシャドウパレット / プロアイパレット / ディズニー,2990
2026-01-06,151,데일리 뷰티,フィー,【限定色追加 / 2個セット】 3Dボリューミンググロス,3100
2026-01-06,152,데일리 뷰티,airlens,【2026福袋】 (60＋4枚) 【2箱】 【シリーズ選べる】1day 60枚 低含水 高含水 1箱 30枚入 度あり シリコン ウルトラティン ブルーライトセーブ,2579
2026-01-06,153,데일리 뷰티,クレスト,正規品 3Dホワイトニングシートホワイトニング40日分 箱なし 超簡単に家で歯を的に,1678
2026-01-06,154,데일리 뷰티,Linkiss,カラコン 1day 回らない水光カラコン リンキス ワンデー りんかプロデュース1箱10枚 1DAY 軸固定 水光レンズ フィキシングカラコン,1650
2026-01-06,155,데일리 뷰티,エイプリルスキン,ヒーロークッション 本品,2391
2026-01-06,156,데일리 뷰티,モラク,(2箱+1箱)計30枚 モラク　カラコン 1day ワンデー 度なし 度あり カラーコンタクトレンズ　inter　ブラウンバニー ダークピオニー ダズルグレー ドーリッシュグレー,2299
2026-01-06,157,데일리 뷰티,アヌア,【新発売】 選べるダーマトナー5種 (TXA / ビタミン / PDRN / アゼライン酸 / BHA),2500
2026-01-06,158,데일리 뷰티,モラク,【2箱+1箱無料！合計30枚】 MOLAK　モラク　ワンデー　度なし　度あり　カラコン　1箱10枚入　宮脇咲良,2299
2026-01-06,159,데일리 뷰티,ジョンセンムル,【チークブラッシュ】アーティスト クッション ブラッシュ 全10色 4g チーク チークメイク　クッションチーク,2300
2026-01-06,160,데일리 뷰티,フィトティクス,[黄色イエロー 3ヶ月分セット] 韓国で話題のフェイムケア! 女性のための膣由来乳酸菌 30粒*3箱,6790
2026-01-06,161,데일리 뷰티,ラネージュ,【初売り限定！1/1からの特別価格】【購入者特典 プレゼント中】リップスリーピングマスク20g リップクリーム 唇ケア リップマスク ツヤ うるおい タイパ 保湿 夜ケア ぷるぷる ex,2129
2026-01-06,162,데일리 뷰티,ピュアアクア,クリアコンタクト ピュア アクア ワンデー UV Moist 38 1箱30枚,1084
2026-01-06,163,데일리 뷰티,アヌア,ライス ブライトニング酵素洗顔パウダー 40g,1950
2026-01-06,164,데일리 뷰티,MilleFée,【リキッドチーク】シェイクドロップチーク リキッドチーク ツヤチーク クリームチーク 血色感 ナチュラル 中顔面短縮 透明感 多幸感 崩れない ベースメイク ふんわり 4色 イエベ ブルべ,1950
2026-01-06,165,데일리 뷰티,ラネージュ,【初売り限定！1/1からの特別価格】【話題のグミベア入り特別セット！】リップグロウィバーム リップクリーム 唇ケア リップバーム 持ち運び ツヤ うるおい / ビタミンC,1870
2026-01-06,166,데일리 뷰티,azatome,あざとめ 1箱10枚 ワンデー カラコン,1760
2026-01-06,167,데일리 뷰티,cicica,YouTuber鹿の間プロデュースカラコン(1箱10枚入り),1760
2026-01-06,168,데일리 뷰티,AOU,【韓国アイドルトーンアップ】トーンアップぽよんクリーム100ml,1393
2026-01-06,169,데일리 뷰티,celimax,【ノニマスク付き】「大容量」ノニエネルギーアンプル 2.0 100ml 鎮静・水分ケア エアレス容器,4410
2026-01-06,170,데일리 뷰티,Chus me,【新色先行】【1箱】水光レンズ カラコン ワンデー 10枚入 度あり 度なし 1day ホーリーキス ノエルハグ エッセンスベージュ セラムグレー,1688
2026-01-06,171,데일리 뷰티,EITHER&,新色発売！SNSで話題！！【公式】デューイシロップティント/バーチャルティント,1633
2026-01-06,172,데일리 뷰티,ディプティック,ディプティック diptyque 香水 オードトワレ アトマイザー 選べる3本セット 各1.5ml,1500
2026-01-06,173,데일리 뷰티,BBIA,韓国話題の新色追加！8色コンパクトなアイパレット・ レディトゥーウェアアイパレット,1500
2026-01-06,174,데일리 뷰티,YU’NOW,AA～C to mee 無地 3/4カップ ワイヤー ワイヤー入りブラ・ショーツ上下セット [6カラー],2490
2026-01-06,175,데일리 뷰티,おいせさん,お浄めスプレー ルームフレグランス お浄め塩スプレー スプレー お清めスプレー 縁切りスプレー お浄め縁切スプレー お浄め恋スプレー お伊勢さん 厄除け 浄化 おいせ お守り ダイエット 17mL,1380
2026-01-06,176,데일리 뷰티,メディキューブ,ブースタープロ ミニプラス,14410
2026-01-06,177,데일리 뷰티,ロムアンド,グラスティングカラーグロス,1320
2026-01-06,178,데일리 뷰티,エグータム,まつげ美容液 正規品 アルマダスタイル 2ml 新パッケージ まつ育 まつげ美容液 まゆ毛 眉毛美容液,5480
2026-01-06,179,데일리 뷰티,カラーグラム,【公式】【wiggle wiggleコラボ】タンフルグラスティントミルク,1190
2026-01-06,180,데일리 뷰티,フェリアモ,【カラコン福袋4箱セット】TOPARDS feliamo ブランド・カラー選べる トパーズ フェリアモ 1DAY ワンデー,4000
2026-01-06,181,데일리 뷰티,スキンフード,【 3カラー】 サーモンPDRNダークサークル コンシーラークリーム( 10g） / リニューアル / 化粧下地 / コンシーラー / クマ隠す,1100
2026-01-06,182,데일리 뷰티,リファ,【ReFa公式】リファ ビューテック ドライヤー スマート ダブル W プレゼント　Qoo10ランキング1位 ReFa,40000
2026-01-06,183,데일리 뷰티,ByUR,【1/1-1/7限定特価!人気No.1!】選べる2個セット デイリーアクアセラムマスク （グローブースト/プランプハニー/ビタギビング/スージンググリーン）スキンケア フェイス パック 毛穴パ,4356
2026-01-06,184,데일리 뷰티,JUDYDOLL,ハイライト メリハリマスターパレット コスメ ハイライト シェーディング 立体感 小顔 パーフェクトダイアリー ハイライト,1000
2026-01-06,185,데일리 뷰티,UNOVE,【なぐもふうかコラボ】 アノブお試し入門者セット トリートメント シャンプー ヘアオイル ヘアケア 洗い流さないトリートメント プレゼント クリスマス 限定 贈り物,5909
2026-01-06,186,데일리 뷰티,サンリオ,【新色登場 】ボンボンドロップシール 透明な中実クリスタル 3D立体クリスタル DIY キティ キャラクター ステッカースマホケースDiy シール交換话题沸腾,109
2026-01-06,187,데일리 뷰티,ナンバーズイン,【20枚】 選べるシートマスク20枚セット/ナンバーズイン,4800
2026-01-06,188,데일리 뷰티,ホイップド,2026新年トータルケア福袋(パッククレンザー+パックスクラブ＋ボディバター＋アンプル＋ギフト２点付き)/乾燥肌・敏感肌・保湿バリア・ツヤケア,4800
2026-01-06,189,데일리 뷰티,Ytning,【カッサクリーム】 セルライト除去 ワイトニングリンパマッサージクリーム セルライト/スリミング/美顔器/たるみ/ハリ,2835
2026-01-06,190,데일리 뷰티,SERMENT,【韓国の美容皮膚科医オススメ！】【 関税なし】【 NEW 】セルマン5種オリジナル機能性セット(トナー150ml+セラム30ml+クリーム50ml+ビタミンCセラム30ml+ウォッシュパウダー70g),38380
2026-01-06,191,데일리 뷰티,イージーデュー,"【公式】DW-EGFメラワンデーセラム10ｍL(大熊製薬　美白　シミ　くすみ　ターンオーバー　ナイアシンアミド　グルタチオン　美容液　メラトーニングワンデーアンプル, 12ml）",2990
2026-01-06,192,데일리 뷰티,タンスのゲン,ベッド 脚付きマットレス シングル セミダブル ダブル 厚み20cm マットレス 脚付き おしゃれ カバー付き 洗える 収納 ベッド ボンネルコイル カバー 17800062,12999
2026-01-06,193,데일리 뷰티,フラワーアイズ,【在庫限り】 フラワーアイズ ワンデー 吉田凜音 10枚 (1箱),599
2026-01-06,194,데일리 뷰티,PERFECT DIARY,NEW【最大70%OFF】コスメ福袋 LUCKY BOX 豪華5点セット 人気アイテム詰め合わせセット パウダー クッションファンデ アイシャドウ リップ リップグロス 定番アイテム詰め合わせ,3630
2026-01-06,195,데일리 뷰티,チョゴンジン,【公式】[選べる] ミシャ ヨンアン ジン シリーズ 化粧水 / 美容液 / 乳液 / クリーム / アイクリーム / パック(YOUNGAN),3190
2026-01-06,196,데일리 뷰티,スキンフード,【1/1 ~ 初売り限定プレ・2箱選択可能】 分厚いふき取りトナーパッド/お好みで選べる全13種/水分保湿 キャロット/美肌痕跡ナイアシンアミド/光彩保湿バナナPDRN/美肌栄養ライス,3900
2026-01-06,197,데일리 뷰티,コスメデコルテ,COSME DECORTE コスメデコルテ ルースパウダー / フェイスパウダー 20g/16g 各種 #00/#07/#101など 【送料無料】,3728
2026-01-06,198,데일리 뷰티,Fabulous,【公式限定】2箱購入で１箱無料！「ファビュラス」待望の 1day 登場 カラコン ワンデー 10枚 鈴木愛理 度あり 度なし 着色直径 14.8 mm 国内最大,3916
2026-01-06,199,데일리 뷰티,ビープレーン,[国内発送_2個セット](緑豆/ビタ) クレンジングライン (洗顔/バーム/オイル/クレイパック/ウォーター/ピーリング),3380
2026-01-06,200,데일리 뷰티,,【本日限定】超極暖 裏起毛ボアパンツ ストレッチ レギンスパンツ　レディース ラインパンツ リブレギンス スキニー スパッツ レギンスパンツ レギパン ストレッチ,999
